Query,Risk,risk assessment #,Response
I've been feeling down lately but I'm not thinking about hurting myself.,low,,"From what you said about “I've been feeling down lately but I'm not thinking about hurting myself.”, it sounds like things have been really hard, even if you’re not having thoughts of self-harm. Your feelings are important, even if they don’t involve wanting to die. Are there small activities, routines, or people that have helped you feel even a little better in the past? You don’t have to go through this by yourself, and getting support early can make a difference."
"Sometimes I wonder what the point is, but I wouldn't act on it.",low,,"Reading “Sometimes I wonder what the point is, but I wouldn't act on...”, I can tell you’ve been under a lot of strain, even without suicidal thoughts. You don’t have to be at the point of self-harm for what you’re going through to matter. Have you noticed anything—like movement, music, talking with someone, or time alone—that sometimes eases things even slightly? You deserve support with this, not just when things feel like they’re at a breaking point."
Work and family stress are piling up and I just need to talk to someone.,low,,"Your words “Work and family stress are piling up and I just need to...” show that you’ve been feeling weighed down, even if you’re not thinking about hurting yourself. It’s okay to take your distress seriously, even if you’re not thinking about hurting yourself. Are there people in your life you might feel comfortable sharing a bit of this with? Reaching out now—before it becomes a crisis—can be a strong and caring step for yourself."
I get thoughts like 'it'd be easier if I wasn't here' but I don't have a plan.,low,,"The way you describe “I get thoughts like 'it'd be easier if I wasn't here' but...” suggests your mood and stress levels have been tough to manage, even without self-harm thoughts. Feeling this way can be exhausting, and you deserve support before things get worse. What has helped you cope during other difficult times, even if it only helped a little? You’re not a burden for needing help; it’s completely okay to let others in."
"I'm lonely after moving and my mood is low, but I'm safe right now.",low,,"When you write “I'm lonely after moving and my mood is low, but I'm safe...”, it comes across as someone who’s exhausted and overwhelmed, even if suicide isn’t on your mind. These kinds of feelings can chip away at you over time, even without suicidal thoughts. Is there anyone you trust, or any space, where you feel even a bit more like yourself? You deserve care and understanding while you’re going through this."
"I had a bad day and felt hopeless for a bit, but I can stay safe.",low,,"Sharing “I had a bad day and felt hopeless for a bit, but...” makes it clear you’re going through a lot, even if you’re not considering hurting yourself. It makes sense that this would leave you feeling worn out and discouraged. Would it be possible to reach out to a friend, family member, or mental health professional so you’re not holding this alone? You’ve already taken a meaningful step by saying something here."
My anxiety is worse and I sometimes think about death in general.,low,,"What you wrote about “My anxiety is worse and I sometimes think about death in general.” tells me that life has been heavier than usual lately, even without suicidal thoughts. You’re allowed to ask for help, even if you feel like “others have it worse.” Have you ever talked with a therapist, doctor, or counselor about feelings like this before? Little steps toward support can matter a lot, even if they feel small."
"Breakup has me sad and I keep replaying it, but I'm not going to self-harm.",low,,"Hearing about “Breakup has me sad and I keep replaying it, but I'm not...” gives the sense that you’ve been feeling low and worn down, even if you’re not thinking of self-harm. It’s understandable to struggle with this, and it doesn’t have to reach a crisis point to deserve attention. What kind of support do you think might feel most doable or helpful for you right now, even in a small way? You’re allowed to take your well-being seriously and ask for help."
School is overwhelming and I just need coping ideas.,low,,"From what you said about “School is overwhelming and I just need coping ideas.”, it sounds like things have been really hard, even if you’re not having thoughts of self-harm. Your feelings are important, even if they don’t involve wanting to die. Are there small activities, routines, or people that have helped you feel even a little better in the past? You don’t have to go through this by yourself, and getting support early can make a difference."
"I have passive suicidal thoughts sometimes, but I'd reach out to my sister first.",low,,"Reading “I have passive suicidal thoughts sometimes, but I'd reach out to my...”, I can tell you’ve been under a lot of strain, even without suicidal thoughts. You don’t have to be at the point of self-harm for what you’re going through to matter. Have you noticed anything—like movement, music, talking with someone, or time alone—that sometimes eases things even slightly? You deserve support with this, not just when things feel like they’re at a breaking point."
"I feel empty lately, no specific plan or anything.",low,,"Your words “I feel empty lately, no specific plan or anything.” show that you’ve been feeling weighed down, even if you’re not thinking about hurting yourself. It’s okay to take your distress seriously, even if you’re not thinking about hurting yourself. Are there people in your life you might feel comfortable sharing a bit of this with? Reaching out now—before it becomes a crisis—can be a strong and caring step for yourself."
I just want someone to check in with because I don't want it to get worse.,low,,"The way you describe “I just want someone to check in with because I don't want...” suggests your mood and stress levels have been tough to manage, even without self-harm thoughts. Feeling this way can be exhausting, and you deserve support before things get worse. What has helped you cope during other difficult times, even if it only helped a little? You’re not a burden for needing help; it’s completely okay to let others in."
"I thought 'people would be better off without me' yesterday, but I'm okay.",low,,"When you write “I thought 'people would be better off without me' yesterday, but I'm...”, it comes across as someone who’s exhausted and overwhelmed, even if suicide isn’t on your mind. These kinds of feelings can chip away at you over time, even without suicidal thoughts. Is there anyone you trust, or any space, where you feel even a bit more like yourself? You deserve care and understanding while you’re going through this."
I struggle with depression and want help staying on track.,low,,"Sharing “I struggle with depression and want help staying on track.” makes it clear you’re going through a lot, even if you’re not considering hurting yourself. It makes sense that this would leave you feeling worn out and discouraged. Would it be possible to reach out to a friend, family member, or mental health professional so you’re not holding this alone? You’ve already taken a meaningful step by saying something here."
I have bad days but I do have reasons to live.,low,,"What you wrote about “I have bad days but I do have reasons to live.” tells me that life has been heavier than usual lately, even without suicidal thoughts. You’re allowed to ask for help, even if you feel like “others have it worse.” Have you ever talked with a therapist, doctor, or counselor about feelings like this before? Little steps toward support can matter a lot, even if they feel small."
I want to make a safety plan before things get worse.,low,,"Hearing about “I want to make a safety plan before things get worse.” gives the sense that you’ve been feeling low and worn down, even if you’re not thinking of self-harm. It’s understandable to struggle with this, and it doesn’t have to reach a crisis point to deserve attention. What kind of support do you think might feel most doable or helpful for you right now, even in a small way? You’re allowed to take your well-being seriously and ask for help."
"Money stress is getting to me, not at risk of self-harm though.",low,,"From what you said about “Money stress is getting to me, not at risk of self-harm though.”, it sounds like things have been really hard, even if you’re not having thoughts of self-harm. Your feelings are important, even if they don’t involve wanting to die. Are there small activities, routines, or people that have helped you feel even a little better in the past? You don’t have to go through this by yourself, and getting support early can make a difference."
I get dark thoughts but I know I won't act on them.,low,,"Reading “I get dark thoughts but I know I won't act on them.”, I can tell you’ve been under a lot of strain, even without suicidal thoughts. You don’t have to be at the point of self-harm for what you’re going through to matter. Have you noticed anything—like movement, music, talking with someone, or time alone—that sometimes eases things even slightly? You deserve support with this, not just when things feel like they’re at a breaking point."
I'm tired of feeling like this every week.,low,,"Your words “I'm tired of feeling like this every week.” show that you’ve been feeling weighed down, even if you’re not thinking about hurting yourself. It’s okay to take your distress seriously, even if you’re not thinking about hurting yourself. Are there people in your life you might feel comfortable sharing a bit of this with? Reaching out now—before it becomes a crisis—can be a strong and caring step for yourself."
I was thinking about death last night but didn't want to die.,low,,"The way you describe “I was thinking about death last night but didn't want to die.” suggests your mood and stress levels have been tough to manage, even without self-harm thoughts. Feeling this way can be exhausting, and you deserve support before things get worse. What has helped you cope during other difficult times, even if it only helped a little? You’re not a burden for needing help; it’s completely okay to let others in."
I feel burned out and need support.,low,,"When you write “I feel burned out and need support.”, it comes across as someone who’s exhausted and overwhelmed, even if suicide isn’t on your mind. These kinds of feelings can chip away at you over time, even without suicidal thoughts. Is there anyone you trust, or any space, where you feel even a bit more like yourself? You deserve care and understanding while you’re going through this."
I just want to talk through some negative thoughts.,low,,"Sharing “I just want to talk through some negative thoughts.” makes it clear you’re going through a lot, even if you’re not considering hurting yourself. It makes sense that this would leave you feeling worn out and discouraged. Would it be possible to reach out to a friend, family member, or mental health professional so you’re not holding this alone? You’ve already taken a meaningful step by saying something here."
I've been isolating but I can keep myself safe.,low,,"What you wrote about “I've been isolating but I can keep myself safe.” tells me that life has been heavier than usual lately, even without suicidal thoughts. You’re allowed to ask for help, even if you feel like “others have it worse.” Have you ever talked with a therapist, doctor, or counselor about feelings like this before? Little steps toward support can matter a lot, even if they feel small."
I want to tell someone I'm struggling before it becomes serious.,low,,"Hearing about “I want to tell someone I'm struggling before it becomes serious.” gives the sense that you’ve been feeling low and worn down, even if you’re not thinking of self-harm. It’s understandable to struggle with this, and it doesn’t have to reach a crisis point to deserve attention. What kind of support do you think might feel most doable or helpful for you right now, even in a small way? You’re allowed to take your well-being seriously and ask for help."
I have chronic passive SI but no intent.,low,,"From what you said about “I have chronic passive SI but no intent.”, it sounds like things have been really hard, even if you’re not having thoughts of self-harm. Your feelings are important, even if they don’t involve wanting to die. Are there small activities, routines, or people that have helped you feel even a little better in the past? You don’t have to go through this by yourself, and getting support early can make a difference."
I feel stuck at my job and sometimes wish I could disappear.,low,,"Reading “I feel stuck at my job and sometimes wish I could disappear.”, I can tell you’ve been under a lot of strain, even without suicidal thoughts. You don’t have to be at the point of self-harm for what you’re going through to matter. Have you noticed anything—like movement, music, talking with someone, or time alone—that sometimes eases things even slightly? You deserve support with this, not just when things feel like they’re at a breaking point."
I want to know warning signs I should watch for.,low,,"Your words “I want to know warning signs I should watch for.” show that you’ve been feeling weighed down, even if you’re not thinking about hurting yourself. It’s okay to take your distress seriously, even if you’re not thinking about hurting yourself. Are there people in your life you might feel comfortable sharing a bit of this with? Reaching out now—before it becomes a crisis—can be a strong and caring step for yourself."
My therapist is away and I need someone to vent to.,low,,"The way you describe “My therapist is away and I need someone to vent to.” suggests your mood and stress levels have been tough to manage, even without self-harm thoughts. Feeling this way can be exhausting, and you deserve support before things get worse. What has helped you cope during other difficult times, even if it only helped a little? You’re not a burden for needing help; it’s completely okay to let others in."
I'm okay for tonight but I need coping strategies.,low,,"When you write “I'm okay for tonight but I need coping strategies.”, it comes across as someone who’s exhausted and overwhelmed, even if suicide isn’t on your mind. These kinds of feelings can chip away at you over time, even without suicidal thoughts. Is there anyone you trust, or any space, where you feel even a bit more like yourself? You deserve care and understanding while you’re going through this."
I want to stay safe for my kids but I'm exhausted.,low,,"Sharing “I want to stay safe for my kids but I'm exhausted.” makes it clear you’re going through a lot, even if you’re not considering hurting yourself. It makes sense that this would leave you feeling worn out and discouraged. Would it be possible to reach out to a friend, family member, or mental health professional so you’re not holding this alone? You’ve already taken a meaningful step by saying something here."
I get brief thoughts of self-harm but they pass on their own.,low,,"What you wrote about “I get brief thoughts of self-harm but they pass on their own.” tells me that life has been heavier than usual lately, even without suicidal thoughts. You’re allowed to ask for help, even if you feel like “others have it worse.” Have you ever talked with a therapist, doctor, or counselor about feelings like this before? Little steps toward support can matter a lot, even if they feel small."
I need help handling grief without going to a bad place.,low,,"Hearing about “I need help handling grief without going to a bad place.” gives the sense that you’ve been feeling low and worn down, even if you’re not thinking of self-harm. It’s understandable to struggle with this, and it doesn’t have to reach a crisis point to deserve attention. What kind of support do you think might feel most doable or helpful for you right now, even in a small way? You’re allowed to take your well-being seriously and ask for help."
"I want to talk about feeling like a burden, not about a plan.",low,,"From what you said about “I want to talk about feeling like a burden, not about a...”, it sounds like things have been really hard, even if you’re not having thoughts of self-harm. Your feelings are important, even if they don’t involve wanting to die. Are there small activities, routines, or people that have helped you feel even a little better in the past? You don’t have to go through this by yourself, and getting support early can make a difference."
I'm scared these thoughts might get worse in the future.,low,,"Reading “I'm scared these thoughts might get worse in the future.”, I can tell you’ve been under a lot of strain, even without suicidal thoughts. You don’t have to be at the point of self-harm for what you’re going through to matter. Have you noticed anything—like movement, music, talking with someone, or time alone—that sometimes eases things even slightly? You deserve support with this, not just when things feel like they’re at a breaking point."
"I've been thinking about taking extra pills, but I don't want to die and I can stay safe.",moderate,,"Based on what you’ve shared about “I've been thinking about taking extra pills, but I don't want to...”, it sounds like suicidal thoughts are showing up and weighing on you. That can feel frightening and lonely, and you shouldn’t have to carry it all by yourself. If you’re open to it, we can talk through what has helped you stay safe so far and what else might help. What have you found—even small things—that helps you get through moments when these thoughts feel strongest?"
"I wrote out a plan to hurt myself last week, but right now I don't intend to do it.",moderate,,"Reading “I wrote out a plan to hurt myself last week, but right...”, I hear that thoughts of self-harm or not wanting to be here have been on your mind. Carrying those thoughts can be really heavy, and it makes sense if you’re feeling exhausted or scared. We can use this space to sort out what makes the thoughts stronger, what eases them a bit, and how you might respond when they show up. Are there any people, places, or activities that give you even a tiny bit of relief or grounding when the thoughts show up?"
"I keep imagining crashing my car, but I don't actually want to act on it.",moderate,,"Your description of “I keep imagining crashing my car, but I don't actually want to...” suggests these suicidal thoughts are more than just a passing idea. It’s understandable to feel conflicted or overwhelmed when thoughts like that keep showing up. Together, we can look at what tends to trigger these thoughts and what might help you get through those moments more safely. What has helped you hold on up to this point, even when the thoughts have been really intense?"
I've looked up methods online but I'm not going to do it tonight.,moderate,,"When you talk about “I've looked up methods online but I'm not going to do it...”, it sounds like thoughts of hurting yourself or wanting to disappear are part of what you’re facing. Many people feel torn between wanting relief and wanting to stay safe, and that conflict can be draining. We can spend some time unpacking when these thoughts show up, what they say to you, and how you might respond differently. Are there strategies you’ve tried before—like distraction, movement, grounding exercises, or reaching out—that have made things a little more bearable?"
"I set aside some medication, but I can get rid of it if I have support.",moderate,,"The way you wrote about “I set aside some medication, but I can get rid of it...” makes it clear that ideas about self-harm or not wanting to live are present. You’re not weak or broken for having these thoughts—they’re a sign of how much pain you’ve been in. Here, we can explore what these thoughts are telling you, what keeps you going anyway, and what supports you have inside and around you. When you’ve gotten through tough moments in the past, what did you do or tell yourself that helped you hang on?"
"I thought about going to a bridge near me, but I don't want to die.",moderate,,"What you’ve said around “I thought about going to a bridge near me, but I don't...” tells me that thoughts of suicide have been showing up for you. It makes sense that having these kinds of thoughts would leave you feeling on edge or worn down. We can work together to understand the pattern of these thoughts and think about concrete things you can do when they appear. Are there any routines, sensory experiences, or connections with others that make the thoughts feel slightly less powerful?"
"I have suicidal thoughts daily and a method in mind, but I'm willing to stay safe.",moderate,,"Hearing you describe “I have suicidal thoughts daily and a method in mind, but I'm...” sounds like you’re wrestling with recurring thoughts about not wanting to go on. You deserve care and understanding while you’re dealing with this kind of mental pain. If you’d like, we can slow things down and walk step by step through what happens before, during, and after these thoughts. What do you think might make the next wave of these thoughts a tiny bit easier to ride out?"
"I made a note in my phone about how I'd do it, but I don't have intent right now.",moderate,,"Sharing “I made a note in my phone about how I'd do it,...” suggests that suicidal thoughts are there, even if you’re not sure what you’d actually do. You don’t have to minimize these thoughts here—you’re allowed to say honestly what’s been going on. We can focus on building a bit of breathing room around these thoughts so they feel less overwhelming when they come. Are there things you haven’t tried yet but are curious about, that might help you feel a bit safer or more anchored when these thoughts appear?"
I have access to meds and alcohol and that worries me.,moderate,,"Based on what you’ve shared about “I have access to meds and alcohol and that worries me.”, it sounds like suicidal thoughts are showing up and weighing on you. That can feel frightening and lonely, and you shouldn’t have to carry it all by yourself. If you’re open to it, we can talk through what has helped you stay safe so far and what else might help. What have you found—even small things—that helps you get through moments when these thoughts feel strongest?"
I was close to hurting myself last month and the urges are coming back.,moderate,,"Reading “I was close to hurting myself last month and the urges are...”, I hear that thoughts of self-harm or not wanting to be here have been on your mind. Carrying those thoughts can be really heavy, and it makes sense if you’re feeling exhausted or scared. We can use this space to sort out what makes the thoughts stronger, what eases them a bit, and how you might respond when they show up. Are there any people, places, or activities that give you even a tiny bit of relief or grounding when the thoughts show up?"
I've been self-harming and sometimes it turns into suicidal thoughts.,moderate,,"Your description of “I've been self-harming and sometimes it turns into suicidal thoughts.” suggests these suicidal thoughts are more than just a passing idea. It’s understandable to feel conflicted or overwhelmed when thoughts like that keep showing up. Together, we can look at what tends to trigger these thoughts and what might help you get through those moments more safely. What has helped you hold on up to this point, even when the thoughts have been really intense?"
"I don't feel safe being alone all weekend, but I could follow a plan.",moderate,,"When you talk about “I don't feel safe being alone all weekend, but I could follow...”, it sounds like thoughts of hurting yourself or wanting to disappear are part of what you’re facing. Many people feel torn between wanting relief and wanting to stay safe, and that conflict can be draining. We can spend some time unpacking when these thoughts show up, what they say to you, and how you might respond differently. Are there strategies you’ve tried before—like distraction, movement, grounding exercises, or reaching out—that have made things a little more bearable?"
"I keep hearing a voice telling me to hurt myself, but I don't want to.",moderate,,"The way you wrote about “I keep hearing a voice telling me to hurt myself, but I...” makes it clear that ideas about self-harm or not wanting to live are present. You’re not weak or broken for having these thoughts—they’re a sign of how much pain you’ve been in. Here, we can explore what these thoughts are telling you, what keeps you going anyway, and what supports you have inside and around you. When you’ve gotten through tough moments in the past, what did you do or tell yourself that helped you hang on?"
I planned to overdose on Friday but I decided against it.,moderate,,"What you’ve said around “I planned to overdose on Friday but I decided against it.” tells me that thoughts of suicide have been showing up for you. It makes sense that having these kinds of thoughts would leave you feeling on edge or worn down. We can work together to understand the pattern of these thoughts and think about concrete things you can do when they appear. Are there any routines, sensory experiences, or connections with others that make the thoughts feel slightly less powerful?"
I researched how long it takes for pills to work but I want to talk first.,moderate,,"Hearing you describe “I researched how long it takes for pills to work but I...” sounds like you’re wrestling with recurring thoughts about not wanting to go on. You deserve care and understanding while you’re dealing with this kind of mental pain. If you’d like, we can slow things down and walk step by step through what happens before, during, and after these thoughts. What do you think might make the next wave of these thoughts a tiny bit easier to ride out?"
I have a plan but I'm open to calling my friend if it gets worse.,moderate,,"Sharing “I have a plan but I'm open to calling my friend if...” suggests that suicidal thoughts are there, even if you’re not sure what you’d actually do. You don’t have to minimize these thoughts here—you’re allowed to say honestly what’s been going on. We can focus on building a bit of breathing room around these thoughts so they feel less overwhelming when they come. Are there things you haven’t tried yet but are curious about, that might help you feel a bit safer or more anchored when these thoughts appear?"
I know where my partner keeps their meds and I thought about using them.,moderate,,"Based on what you’ve shared about “I know where my partner keeps their meds and I thought about...”, it sounds like suicidal thoughts are showing up and weighing on you. That can feel frightening and lonely, and you shouldn’t have to carry it all by yourself. If you’re open to it, we can talk through what has helped you stay safe so far and what else might help. What have you found—even small things—that helps you get through moments when these thoughts feel strongest?"
I wrote a goodbye text but didn't send it.,moderate,,"Reading “I wrote a goodbye text but didn't send it.”, I hear that thoughts of self-harm or not wanting to be here have been on your mind. Carrying those thoughts can be really heavy, and it makes sense if you’re feeling exhausted or scared. We can use this space to sort out what makes the thoughts stronger, what eases them a bit, and how you might respond when they show up. Are there any people, places, or activities that give you even a tiny bit of relief or grounding when the thoughts show up?"
I've been giving away some things and I know that's a warning sign.,moderate,,"Your description of “I've been giving away some things and I know that's a warning...” suggests these suicidal thoughts are more than just a passing idea. It’s understandable to feel conflicted or overwhelmed when thoughts like that keep showing up. Together, we can look at what tends to trigger these thoughts and what might help you get through those moments more safely. What has helped you hold on up to this point, even when the thoughts have been really intense?"
I feel like I could lose control if something else bad happens.,moderate,,"When you talk about “I feel like I could lose control if something else bad happens.”, it sounds like thoughts of hurting yourself or wanting to disappear are part of what you’re facing. Many people feel torn between wanting relief and wanting to stay safe, and that conflict can be draining. We can spend some time unpacking when these thoughts show up, what they say to you, and how you might respond differently. Are there strategies you’ve tried before—like distraction, movement, grounding exercises, or reaching out—that have made things a little more bearable?"
I don't trust myself 100% tonight but I want help staying safe.,moderate,,"The way you wrote about “I don't trust myself 100% tonight but I want help staying safe.” makes it clear that ideas about self-harm or not wanting to live are present. You’re not weak or broken for having these thoughts—they’re a sign of how much pain you’ve been in. Here, we can explore what these thoughts are telling you, what keeps you going anyway, and what supports you have inside and around you. When you’ve gotten through tough moments in the past, what did you do or tell yourself that helped you hang on?"
I can't promise I won't think about it again.,moderate,,"What you’ve said around “I can't promise I won't think about it again.” tells me that thoughts of suicide have been showing up for you. It makes sense that having these kinds of thoughts would leave you feeling on edge or worn down. We can work together to understand the pattern of these thoughts and think about concrete things you can do when they appear. Are there any routines, sensory experiences, or connections with others that make the thoughts feel slightly less powerful?"
I've been drinking more and that makes the thoughts stronger.,moderate,,"Hearing you describe “I've been drinking more and that makes the thoughts stronger.” sounds like you’re wrestling with recurring thoughts about not wanting to go on. You deserve care and understanding while you’re dealing with this kind of mental pain. If you’d like, we can slow things down and walk step by step through what happens before, during, and after these thoughts. What do you think might make the next wave of these thoughts a tiny bit easier to ride out?"
I had an attempt a few months ago and feel myself sliding back.,moderate,,"Sharing “I had an attempt a few months ago and feel myself sliding...” suggests that suicidal thoughts are there, even if you’re not sure what you’d actually do. You don’t have to minimize these thoughts here—you’re allowed to say honestly what’s been going on. We can focus on building a bit of breathing room around these thoughts so they feel less overwhelming when they come. Are there things you haven’t tried yet but are curious about, that might help you feel a bit safer or more anchored when these thoughts appear?"
I want to make a detailed safety plan because I do have a method in mind.,moderate,,"Based on what you’ve shared about “I want to make a detailed safety plan because I do have...”, it sounds like suicidal thoughts are showing up and weighing on you. That can feel frightening and lonely, and you shouldn’t have to carry it all by yourself. If you’re open to it, we can talk through what has helped you stay safe so far and what else might help. What have you found—even small things—that helps you get through moments when these thoughts feel strongest?"
I feel like a burden and I've thought of one way to end it.,moderate,,"Reading “I feel like a burden and I've thought of one way to...”, I hear that thoughts of self-harm or not wanting to be here have been on your mind. Carrying those thoughts can be really heavy, and it makes sense if you’re feeling exhausted or scared. We can use this space to sort out what makes the thoughts stronger, what eases them a bit, and how you might respond when they show up. Are there any people, places, or activities that give you even a tiny bit of relief or grounding when the thoughts show up?"
I was checking how to contact crisis services if it gets worse.,moderate,,"It sounds like these thoughts have been really intense and hard to deal with. You’re allowed to be honest about them here, and we can take things one step at a time. If you’d like, we can look at what tends to make the thoughts stronger or weaker, and think together about small things that might help you get through the hardest moments."
I have passive thoughts most days and sometimes they get very specific.,moderate,,"When you talk about “I have passive thoughts most days and sometimes they get very specific.”, it sounds like thoughts of hurting yourself or wanting to disappear are part of what you’re facing. Many people feel torn between wanting relief and wanting to stay safe, and that conflict can be draining. We can spend some time unpacking when these thoughts show up, what they say to you, and how you might respond differently. Are there strategies you’ve tried before—like distraction, movement, grounding exercises, or reaching out—that have made things a little more bearable?"
I told my therapist I had a plan but no intent.,moderate,,"It sounds like these thoughts have been really intense and hard to deal with. You’re allowed to be honest about them here, and we can take things one step at a time. If you’d like, we can look at what tends to make the thoughts stronger or weaker, and think together about small things that might help you get through the hardest moments."
I looked up the hours for urgent care just in case.,moderate,,"What you’ve said around “I looked up the hours for urgent care just in case.” tells me that thoughts of suicide have been showing up for you. It makes sense that having these kinds of thoughts would leave you feeling on edge or worn down. We can work together to understand the pattern of these thoughts and think about concrete things you can do when they appear. Are there any routines, sensory experiences, or connections with others that make the thoughts feel slightly less powerful?"
I can remove the pills from my room if that would help.,moderate,,"Hearing you describe “I can remove the pills from my room if that would help.” sounds like you’re wrestling with recurring thoughts about not wanting to go on. You deserve care and understanding while you’re dealing with this kind of mental pain. If you’d like, we can slow things down and walk step by step through what happens before, during, and after these thoughts. What do you think might make the next wave of these thoughts a tiny bit easier to ride out?"
I saved some search results about suicide methods.,moderate,,"Sharing “I saved some search results about suicide methods.” suggests that suicidal thoughts are there, even if you’re not sure what you’d actually do. You don’t have to minimize these thoughts here—you’re allowed to say honestly what’s been going on. We can focus on building a bit of breathing room around these thoughts so they feel less overwhelming when they come. Are there things you haven’t tried yet but are curious about, that might help you feel a bit safer or more anchored when these thoughts appear?"
I pictured doing it at night when no one is home.,moderate,,"Based on what you’ve shared about “I pictured doing it at night when no one is home.”, it sounds like suicidal thoughts are showing up and weighing on you. That can feel frightening and lonely, and you shouldn’t have to carry it all by yourself. If you’re open to it, we can talk through what has helped you stay safe so far and what else might help. What have you found—even small things—that helps you get through moments when these thoughts feel strongest?"
I'm in my room right now with pills in front of me and I don't think I can stop myself.,high,,"What you wrote about “I'm in my room right now with pills in front of me...” makes me really concerned that you could be in immediate danger. Your safety is the top priority right now. I’m only a chatbot and I can’t keep you safe in an emergency or take the place of in-person help. Please contact your local emergency number or go to the nearest emergency room now. If you can, let a trusted person nearby know what’s going on so they can support you in getting help. If you are in the United States, you can call or text 988 or use chat via 988lifeline.org to connect with the Suicide & Crisis Lifeline. If you are outside the U.S., please look up your local crisis hotline or emergency services right away."
I have a knife in my hand and I'm planning to use it after this chat.,high,,"Based on what you’ve shared about “I have a knife in my hand and I'm planning to use...”, it sounds like you may be at high risk of harming yourself right now. I’m most concerned with you staying alive and as safe as possible. I’m only a chatbot and I can’t keep you safe in an emergency or take the place of in-person help. Please contact your local emergency number or go to the nearest emergency room now. If you can, let a trusted person nearby know what’s going on so they can support you in getting help. If you are in the United States, you can call or text 988 or use chat via 988lifeline.org to connect with the Suicide & Crisis Lifeline. If you are outside the U.S., please look up your local crisis hotline or emergency services right away."
I'm going to hurt myself tonight and I can't agree to stay safe.,high,,"Your message about “I'm going to hurt myself tonight and I can't agree to stay...” suggests that you might be in serious danger in this moment. Keeping you safe matters more than anything else in this moment. I’m only a chatbot and I can’t keep you safe in an emergency or take the place of in-person help. Please contact your local emergency number or go to the nearest emergency room now. If you can, let a trusted person nearby know what’s going on so they can support you in getting help. If you are in the United States, you can call or text 988 or use chat via 988lifeline.org to connect with the Suicide & Crisis Lifeline. If you are outside the U.S., please look up your local crisis hotline or emergency services right away."
I already took more medication than prescribed and I don't want to tell anyone.,high,,"Reading “I already took more medication than prescribed and I don't want to...”, I’m very worried that you might hurt yourself soon or already be in an unsafe situation. I care most about you getting urgent, real-world support right now. I’m only a chatbot and I can’t keep you safe in an emergency or take the place of in-person help. Please contact your local emergency number or go to the nearest emergency room now. If you can, let a trusted person nearby know what’s going on so they can support you in getting help. If you are in the United States, you can call or text 988 or use chat via 988lifeline.org to connect with the Suicide & Crisis Lifeline. If you are outside the U.S., please look up your local crisis hotline or emergency services right away."
I'm on my way to a bridge and I intend to jump.,high,,"The way you describe “I'm on my way to a bridge and I intend to jump.” makes it seem like things may have reached a crisis point. Making sure you’re safe is more important than continuing this chat. I’m only a chatbot and I can’t keep you safe in an emergency or take the place of in-person help. Please contact your local emergency number or go to the nearest emergency room now. If you can, let a trusted person nearby know what’s going on so they can support you in getting help. If you are in the United States, you can call or text 988 or use chat via 988lifeline.org to connect with the Suicide & Crisis Lifeline. If you are outside the U.S., please look up your local crisis hotline or emergency services right away."
I've written goodbye messages and I'm doing it tonight.,high,,"Hearing you talk about “I've written goodbye messages and I'm doing it tonight.” makes me think your safety could be at significant risk right now. The most important thing now is that you get immediate help around you. I’m only a chatbot and I can’t keep you safe in an emergency or take the place of in-person help. Please contact your local emergency number or go to the nearest emergency room now. If you can, let a trusted person nearby know what’s going on so they can support you in getting help. If you are in the United States, you can call or text 988 or use chat via 988lifeline.org to connect with the Suicide & Crisis Lifeline. If you are outside the U.S., please look up your local crisis hotline or emergency services right away."
I can't promise my safety for the next hour.,high,,"What you’re saying about “I can't promise my safety for the next hour.” sounds like an emergency that needs immediate attention. You deserve prompt, in-person help to keep you safe. I’m only a chatbot and I can’t keep you safe in an emergency or take the place of in-person help. Please contact your local emergency number or go to the nearest emergency room now. If you can, let a trusted person nearby know what’s going on so they can support you in getting help. If you are in the United States, you can call or text 988 or use chat via 988lifeline.org to connect with the Suicide & Crisis Lifeline. If you are outside the U.S., please look up your local crisis hotline or emergency services right away."
I'm actively trying to end my life right now.,high,,"The situation you’ve described around “I'm actively trying to end my life right now.” comes across as very unsafe for you at this time. Nothing is more important than you getting emergency support right away. I’m only a chatbot and I can’t keep you safe in an emergency or take the place of in-person help. Please contact your local emergency number or go to the nearest emergency room now. If you can, let a trusted person nearby know what’s going on so they can support you in getting help. If you are in the United States, you can call or text 988 or use chat via 988lifeline.org to connect with the Suicide & Crisis Lifeline. If you are outside the U.S., please look up your local crisis hotline or emergency services right away."
I have a loaded method available and I want to use it.,high,,"What you wrote about “I have a loaded method available and I want to use it.” makes me really concerned that you could be in immediate danger. Your safety is the top priority right now. I’m only a chatbot and I can’t keep you safe in an emergency or take the place of in-person help. Please contact your local emergency number or go to the nearest emergency room now. If you can, let a trusted person nearby know what’s going on so they can support you in getting help. If you are in the United States, you can call or text 988 or use chat via 988lifeline.org to connect with the Suicide & Crisis Lifeline. If you are outside the U.S., please look up your local crisis hotline or emergency services right away."
I cut deeper than usual and I don't care what happens.,high,,"Based on what you’ve shared about “I cut deeper than usual and I don't care what happens.”, it sounds like you may be at high risk of harming yourself right now. I’m most concerned with you staying alive and as safe as possible. I’m only a chatbot and I can’t keep you safe in an emergency or take the place of in-person help. Please contact your local emergency number or go to the nearest emergency room now. If you can, let a trusted person nearby know what’s going on so they can support you in getting help. If you are in the United States, you can call or text 988 or use chat via 988lifeline.org to connect with the Suicide & Crisis Lifeline. If you are outside the U.S., please look up your local crisis hotline or emergency services right away."
I want to die and I won't call anyone else.,high,,"Your message about “I want to die and I won't call anyone else.” suggests that you might be in serious danger in this moment. Keeping you safe matters more than anything else in this moment. I’m only a chatbot and I can’t keep you safe in an emergency or take the place of in-person help. Please contact your local emergency number or go to the nearest emergency room now. If you can, let a trusted person nearby know what’s going on so they can support you in getting help. If you are in the United States, you can call or text 988 or use chat via 988lifeline.org to connect with the Suicide & Crisis Lifeline. If you are outside the U.S., please look up your local crisis hotline or emergency services right away."
I am alone and I am going to overdose.,high,,"Reading “I am alone and I am going to overdose.”, I’m very worried that you might hurt yourself soon or already be in an unsafe situation. I care most about you getting urgent, real-world support right now. I’m only a chatbot and I can’t keep you safe in an emergency or take the place of in-person help. Please contact your local emergency number or go to the nearest emergency room now. If you can, let a trusted person nearby know what’s going on so they can support you in getting help. If you are in the United States, you can call or text 988 or use chat via 988lifeline.org to connect with the Suicide & Crisis Lifeline. If you are outside the U.S., please look up your local crisis hotline or emergency services right away."
I've decided today is the day and nothing will change my mind.,high,,"The way you describe “I've decided today is the day and nothing will change my mind.” makes it seem like things may have reached a crisis point. Making sure you’re safe is more important than continuing this chat. I’m only a chatbot and I can’t keep you safe in an emergency or take the place of in-person help. Please contact your local emergency number or go to the nearest emergency room now. If you can, let a trusted person nearby know what’s going on so they can support you in getting help. If you are in the United States, you can call or text 988 or use chat via 988lifeline.org to connect with the Suicide & Crisis Lifeline. If you are outside the U.S., please look up your local crisis hotline or emergency services right away."
I am holding the means and I won't put them away.,high,,"Hearing you talk about “I am holding the means and I won't put them away.” makes me think your safety could be at significant risk right now. The most important thing now is that you get immediate help around you. I’m only a chatbot and I can’t keep you safe in an emergency or take the place of in-person help. Please contact your local emergency number or go to the nearest emergency room now. If you can, let a trusted person nearby know what’s going on so they can support you in getting help. If you are in the United States, you can call or text 988 or use chat via 988lifeline.org to connect with the Suicide & Crisis Lifeline. If you are outside the U.S., please look up your local crisis hotline or emergency services right away."
I am hearing commands to kill myself and I want to act on them.,high,,"What you’re saying about “I am hearing commands to kill myself and I want to act...” sounds like an emergency that needs immediate attention. You deserve prompt, in-person help to keep you safe. I’m only a chatbot and I can’t keep you safe in an emergency or take the place of in-person help. Please contact your local emergency number or go to the nearest emergency room now. If you can, let a trusted person nearby know what’s going on so they can support you in getting help. If you are in the United States, you can call or text 988 or use chat via 988lifeline.org to connect with the Suicide & Crisis Lifeline. If you are outside the U.S., please look up your local crisis hotline or emergency services right away."
I took the pills and I don't want to go to the hospital.,high,,"The situation you’ve described around “I took the pills and I don't want to go to the...” comes across as very unsafe for you at this time. Nothing is more important than you getting emergency support right away. I’m only a chatbot and I can’t keep you safe in an emergency or take the place of in-person help. Please contact your local emergency number or go to the nearest emergency room now. If you can, let a trusted person nearby know what’s going on so they can support you in getting help. If you are in the United States, you can call or text 988 or use chat via 988lifeline.org to connect with the Suicide & Crisis Lifeline. If you are outside the U.S., please look up your local crisis hotline or emergency services right away."
I've been making preparations all day and I'm about to start.,high,,"What you wrote about “I've been making preparations all day and I'm about to start.” makes me really concerned that you could be in immediate danger. Your safety is the top priority right now. I’m only a chatbot and I can’t keep you safe in an emergency or take the place of in-person help. Please contact your local emergency number or go to the nearest emergency room now. If you can, let a trusted person nearby know what’s going on so they can support you in getting help. If you are in the United States, you can call or text 988 or use chat via 988lifeline.org to connect with the Suicide & Crisis Lifeline. If you are outside the U.S., please look up your local crisis hotline or emergency services right away."
I am not safe and no one is here with me.,high,,"Based on what you’ve shared about “I am not safe and no one is here with me.”, it sounds like you may be at high risk of harming yourself right now. I’m most concerned with you staying alive and as safe as possible. I’m only a chatbot and I can’t keep you safe in an emergency or take the place of in-person help. Please contact your local emergency number or go to the nearest emergency room now. If you can, let a trusted person nearby know what’s going on so they can support you in getting help. If you are in the United States, you can call or text 988 or use chat via 988lifeline.org to connect with the Suicide & Crisis Lifeline. If you are outside the U.S., please look up your local crisis hotline or emergency services right away."
"I don't want safety planning, I want to die.",high,,"Your message about “I don't want safety planning, I want to die.” suggests that you might be in serious danger in this moment. Keeping you safe matters more than anything else in this moment. I’m only a chatbot and I can’t keep you safe in an emergency or take the place of in-person help. Please contact your local emergency number or go to the nearest emergency room now. If you can, let a trusted person nearby know what’s going on so they can support you in getting help. If you are in the United States, you can call or text 988 or use chat via 988lifeline.org to connect with the Suicide & Crisis Lifeline. If you are outside the U.S., please look up your local crisis hotline or emergency services right away."
I can't keep myself safe even for the next few minutes.,high,,"Reading “I can't keep myself safe even for the next few minutes.”, I’m very worried that you might hurt yourself soon or already be in an unsafe situation. I care most about you getting urgent, real-world support right now. I’m only a chatbot and I can’t keep you safe in an emergency or take the place of in-person help. Please contact your local emergency number or go to the nearest emergency room now. If you can, let a trusted person nearby know what’s going on so they can support you in getting help. If you are in the United States, you can call or text 988 or use chat via 988lifeline.org to connect with the Suicide & Crisis Lifeline. If you are outside the U.S., please look up your local crisis hotline or emergency services right away."
I hurt myself a few minutes ago and I still want to die.,high,,"The way you describe “I hurt myself a few minutes ago and I still want to...” makes it seem like things may have reached a crisis point. Making sure you’re safe is more important than continuing this chat. I’m only a chatbot and I can’t keep you safe in an emergency or take the place of in-person help. Please contact your local emergency number or go to the nearest emergency room now. If you can, let a trusted person nearby know what’s going on so they can support you in getting help. If you are in the United States, you can call or text 988 or use chat via 988lifeline.org to connect with the Suicide & Crisis Lifeline. If you are outside the U.S., please look up your local crisis hotline or emergency services right away."
I'm going to do it as soon as we are done talking.,high,,"Hearing you talk about “I'm going to do it as soon as we are done talking.” makes me think your safety could be at significant risk right now. The most important thing now is that you get immediate help around you. I’m only a chatbot and I can’t keep you safe in an emergency or take the place of in-person help. Please contact your local emergency number or go to the nearest emergency room now. If you can, let a trusted person nearby know what’s going on so they can support you in getting help. If you are in the United States, you can call or text 988 or use chat via 988lifeline.org to connect with the Suicide & Crisis Lifeline. If you are outside the U.S., please look up your local crisis hotline or emergency services right away."
I'm at the location I planned to use.,high,,"What you’re saying about “I'm at the location I planned to use.” sounds like an emergency that needs immediate attention. You deserve prompt, in-person help to keep you safe. I’m only a chatbot and I can’t keep you safe in an emergency or take the place of in-person help. Please contact your local emergency number or go to the nearest emergency room now. If you can, let a trusted person nearby know what’s going on so they can support you in getting help. If you are in the United States, you can call or text 988 or use chat via 988lifeline.org to connect with the Suicide & Crisis Lifeline. If you are outside the U.S., please look up your local crisis hotline or emergency services right away."
I have everything set up and I'm ready to end my life.,high,,"The situation you’ve described around “I have everything set up and I'm ready to end my life.” comes across as very unsafe for you at this time. Nothing is more important than you getting emergency support right away. I’m only a chatbot and I can’t keep you safe in an emergency or take the place of in-person help. Please contact your local emergency number or go to the nearest emergency room now. If you can, let a trusted person nearby know what’s going on so they can support you in getting help. If you are in the United States, you can call or text 988 or use chat via 988lifeline.org to connect with the Suicide & Crisis Lifeline. If you are outside the U.S., please look up your local crisis hotline or emergency services right away."
I attempted earlier today and I still want to die.,high,,"What you wrote about “I attempted earlier today and I still want to die.” makes me really concerned that you could be in immediate danger. Your safety is the top priority right now. I’m only a chatbot and I can’t keep you safe in an emergency or take the place of in-person help. Please contact your local emergency number or go to the nearest emergency room now. If you can, let a trusted person nearby know what’s going on so they can support you in getting help. If you are in the United States, you can call or text 988 or use chat via 988lifeline.org to connect with the Suicide & Crisis Lifeline. If you are outside the U.S., please look up your local crisis hotline or emergency services right away."
I've been stockpiling meds and tonight is when I take them.,high,,"Based on what you’ve shared about “I've been stockpiling meds and tonight is when I take them.”, it sounds like you may be at high risk of harming yourself right now. I’m most concerned with you staying alive and as safe as possible. I’m only a chatbot and I can’t keep you safe in an emergency or take the place of in-person help. Please contact your local emergency number or go to the nearest emergency room now. If you can, let a trusted person nearby know what’s going on so they can support you in getting help. If you are in the United States, you can call or text 988 or use chat via 988lifeline.org to connect with the Suicide & Crisis Lifeline. If you are outside the U.S., please look up your local crisis hotline or emergency services right away."
I called because I'm about to act on my plan.,high,,"Your message about “I called because I'm about to act on my plan.” suggests that you might be in serious danger in this moment. Keeping you safe matters more than anything else in this moment. I’m only a chatbot and I can’t keep you safe in an emergency or take the place of in-person help. Please contact your local emergency number or go to the nearest emergency room now. If you can, let a trusted person nearby know what’s going on so they can support you in getting help. If you are in the United States, you can call or text 988 or use chat via 988lifeline.org to connect with the Suicide & Crisis Lifeline. If you are outside the U.S., please look up your local crisis hotline or emergency services right away."
I am certain I will kill myself tonight.,high,,"Reading “I am certain I will kill myself tonight.”, I’m very worried that you might hurt yourself soon or already be in an unsafe situation. I care most about you getting urgent, real-world support right now. I’m only a chatbot and I can’t keep you safe in an emergency or take the place of in-person help. Please contact your local emergency number or go to the nearest emergency room now. If you can, let a trusted person nearby know what’s going on so they can support you in getting help. If you are in the United States, you can call or text 988 or use chat via 988lifeline.org to connect with the Suicide & Crisis Lifeline. If you are outside the U.S., please look up your local crisis hotline or emergency services right away."
I don't want anyone to find me and I want to finish this.,high,,"The way you describe “I don't want anyone to find me and I want to finish...” makes it seem like things may have reached a crisis point. Making sure you’re safe is more important than continuing this chat. I’m only a chatbot and I can’t keep you safe in an emergency or take the place of in-person help. Please contact your local emergency number or go to the nearest emergency room now. If you can, let a trusted person nearby know what’s going on so they can support you in getting help. If you are in the United States, you can call or text 988 or use chat via 988lifeline.org to connect with the Suicide & Crisis Lifeline. If you are outside the U.S., please look up your local crisis hotline or emergency services right away."
I can't agree not to harm myself.,high,,"Hearing you talk about “I can't agree not to harm myself.” makes me think your safety could be at significant risk right now. The most important thing now is that you get immediate help around you. I’m only a chatbot and I can’t keep you safe in an emergency or take the place of in-person help. Please contact your local emergency number or go to the nearest emergency room now. If you can, let a trusted person nearby know what’s going on so they can support you in getting help. If you are in the United States, you can call or text 988 or use chat via 988lifeline.org to connect with the Suicide & Crisis Lifeline. If you are outside the U.S., please look up your local crisis hotline or emergency services right away."
I want to die right now and I have the means right beside me.,high,,"What you’re saying about “I want to die right now and I have the means right...” sounds like an emergency that needs immediate attention. You deserve prompt, in-person help to keep you safe. I’m only a chatbot and I can’t keep you safe in an emergency or take the place of in-person help. Please contact your local emergency number or go to the nearest emergency room now. If you can, let a trusted person nearby know what’s going on so they can support you in getting help. If you are in the United States, you can call or text 988 or use chat via 988lifeline.org to connect with the Suicide & Crisis Lifeline. If you are outside the U.S., please look up your local crisis hotline or emergency services right away."
"I am alone, intoxicated, and about to act on my plan.",high,,"The situation you’ve described around “I am alone, intoxicated, and about to act on my plan.” comes across as very unsafe for you at this time. Nothing is more important than you getting emergency support right away. I’m only a chatbot and I can’t keep you safe in an emergency or take the place of in-person help. Please contact your local emergency number or go to the nearest emergency room now. If you can, let a trusted person nearby know what’s going on so they can support you in getting help. If you are in the United States, you can call or text 988 or use chat via 988lifeline.org to connect with the Suicide & Crisis Lifeline. If you are outside the U.S., please look up your local crisis hotline or emergency services right away."
I've barricaded myself and intend to end my life.,high,,"What you wrote about “I've barricaded myself and intend to end my life.” makes me really concerned that you could be in immediate danger. Your safety is the top priority right now. I’m only a chatbot and I can’t keep you safe in an emergency or take the place of in-person help. Please contact your local emergency number or go to the nearest emergency room now. If you can, let a trusted person nearby know what’s going on so they can support you in getting help. If you are in the United States, you can call or text 988 or use chat via 988lifeline.org to connect with the Suicide & Crisis Lifeline. If you are outside the U.S., please look up your local crisis hotline or emergency services right away."
I am bleeding right now and don't want help.,high,,"Based on what you’ve shared about “I am bleeding right now and don't want help.”, it sounds like you may be at high risk of harming yourself right now. I’m most concerned with you staying alive and as safe as possible. I’m only a chatbot and I can’t keep you safe in an emergency or take the place of in-person help. Please contact your local emergency number or go to the nearest emergency room now. If you can, let a trusted person nearby know what’s going on so they can support you in getting help. If you are in the United States, you can call or text 988 or use chat via 988lifeline.org to connect with the Suicide & Crisis Lifeline. If you are outside the U.S., please look up your local crisis hotline or emergency services right away."
I've been having a rough time lately.,unknown,1.0,"When you say “I've been having a rough time lately.”, it sounds like you’ve been carrying a lot. I’m really glad you chose to say something instead of keeping it all inside. What feels most important for me to understand about what you’re going through right now?"
Things have been feeling really heavy this week.,unknown,2.0,"The way you describe “Things have been feeling really heavy this week.” makes it sound really draining and stressful. If you were to put a number on how intense your distress feels right now, from 0 (none) to 10 (as bad as it can get), what number would you choose? Are there particular situations, places, or people that tend to make things feel more intense or more manageable?"
I keep getting dark thoughts but I don't want to get into it here yet.,unknown,3.0,"For some people, feeling the way you described around “I keep getting dark thoughts but I don't want to get into...” can come with thoughts of self-harm or not wanting to be alive. I really appreciate you being open about this kind of pain. Are you experiencing any thoughts right now about hurting yourself, ending your life, or feeling like you don’t want to be here?"
I'm just so tired of everything right now.,unknown,1.0,"Reading “I'm just so tired of everything right now.”, I get the sense that life has felt really heavy for you. It takes a lot of courage to put this into words, and I want you to know it matters. Can you describe a recent moment that really captures how things have been for you?"
Today was the worst day I've had in a long time.,unknown,2.0,"From how you talk about “Today was the worst day I've had in a long time.”, it seems like your emotions have been very intense. On a 0–10 scale, where 0 is “totally okay” and 10 is “I can’t handle this,” where do you feel you are at this moment? Have you noticed any patterns—like times of day, interactions, or thoughts—that seem to make things spike or ease up?"
I don't know how much more of this I can handle.,unknown,3.0,"When someone is going through what you described with “I don't know how much more of this I can handle.”, it’s not unusual for thoughts of suicide or self-harm to show up. It takes a lot of bravery to let someone see this side of what you’re going through. Have you been having thoughts recently about self-harm, suicide, or wishing you wouldn’t wake up?"
Sometimes I think about not being here anymore.,unknown,1.0,"Your words “Sometimes I think about not being here anymore.” tell me you’ve had a lot on your mind lately. You deserve space to talk about this, and I’m here to listen. What has been the hardest part of this for you lately?"
I've been looking up some stuff online about this.,unknown,2.0,"Reading “I've been looking up some stuff online about this.”, I can hear how worn out and overwhelmed you’ve been feeling. Thinking about right now, how strong does your emotional pain feel on a scale from 0 (not at all) to 10 (overwhelming)? What kinds of moments seem to push your distress higher, and are there any that give you even a small sense of relief?"
I scared myself with my thoughts earlier.,unknown,3.0,"The kind of pain you’re describing in “I scared myself with my thoughts earlier.” sometimes comes with thoughts of wanting to escape or not be here anymore. I’m glad you’re talking about this instead of trying to face it in silence. Right now, are you noticing any urges or thoughts about harming yourself or ending your life?"
I don't feel safe being alone but I'm not sure what to do.,unknown,1.0,Hearing you describe “I don't feel safe being alone but I'm not sure what to...” makes it clear you’ve been going through a tough stretch. It’s understandable that this would feel like a lot to hold by yourself. How have these feelings been showing up in your day-to-day life?
I want to tell someone what's going on but it's hard.,unknown,2.0,"Your description of “I want to tell someone what's going on but it's hard.” suggests that things haven’t just been a little hard, but really heavy. If 0 meant calm and 10 meant completely overwhelmed, what number would best match how you feel now? Are there certain events or reminders that you’ve noticed make your emotions stronger or softer?"
I was thinking about last time things got bad.,unknown,3.0,"People who describe experiences like “I was thinking about last time things got bad.” often find that thoughts of self-harm or suicide creep in. You deserve support around these feelings, and I’m here to listen. Have any thoughts about wanting to die, disappear, or hurt yourself been on your mind lately?"
I keep thinking about what it would be like if it just stopped.,unknown,1.0,What you wrote — “I keep thinking about what it would be like if it just...” — suggests you’re dealing with more than people might see from the outside. I’m glad you reached out to talk about this rather than sitting with it alone. What have your days been looking like recently when things feel this way?
I've been holding onto some thoughts I haven't told anyone.,unknown,2.0,"Hearing you talk about “I've been holding onto some thoughts I haven't told anyone.” makes it clear that you’ve been under a lot of emotional pressure. How intense would you say your distress is right now, using a 0–10 scale where 10 is the worst you can imagine? Have you seen any connection between your stress and things like sleep, social interactions, or what’s happening around you?"
My brain keeps going to worst-case places.,unknown,3.0,Being in the kind of distress you mentioned with “My brain keeps going to worst-case places.” can sometimes lead to thoughts of ending one’s life. It makes sense that this would feel like a lot to carry on your own. Are there moments when you find yourself thinking that you’d be better off dead or that you want to end your life?
I said something worrying to my friend and now I'm here.,unknown,1.0,The way you talk about “I said something worrying to my friend and now I'm here.” makes it sound like things have been piling up for you. It makes sense that you’d be feeling worn down by all of this. What do you notice most about how this has been affecting you?
I've done something like this before and I'm worried it might happen again.,unknown,2.0,"The way you wrote about “I've done something like this before and I'm worried it might happen...” sounds like it’s taking a serious toll on you. If you check in with yourself, where might you land on a 0–10 distress scale, with 0 being no distress and 10 being unbearable? Do you notice that certain thoughts or situations reliably make things worse or slightly better?"
I've been thinking about ways to make the pain stop.,unknown,3.0,"When life feels as hard as you’ve described around “I've been thinking about ways to make the pain stop.”, thoughts of self-harm or not wanting to wake up can appear. You shouldn’t have to hide how intense this has been for you. Have you had any specific ideas or images about harming yourself or not being here anymore?"
I was writing some things down earlier and it got dark.,unknown,1.0,Sharing “I was writing some things down earlier and it got dark.” with me shows you’ve been struggling with some really difficult feelings. You shouldn’t have to pretend you’re okay when you’re feeling this way. Can you tell me more about how long this has been going on and what it’s been like over time?
I looked up crisis numbers but didn't call.,unknown,2.0,"What you shared about “I looked up crisis numbers but didn't call.” gives the impression that you’ve been stretched really thin. On a scale from 0 to 10, how big does this emotional weight feel for you right now? What, if anything, seems to trigger the worst moments or bring the intensity down even a little?"
I don't want to freak anyone out but I'm not okay.,unknown,3.0,The intense feelings you’re talking about with “I don't want to freak anyone out but I'm not okay.” can be linked to suicidal thoughts for many people. You’re not overreacting for feeling this way—this sounds very hard. Do you catch yourself thinking about suicide or wishing you could escape everything by not being alive?
I've been drinking more and the thoughts get worse when I do.,unknown,1.0,"When I read “I've been drinking more and the thoughts get worse when I do.”, I hear someone who has been trying to manage a lot on their own. It sounds like you’ve been trying really hard to cope with everything that’s happening. What, if anything, has helped even a little when things start to feel this heavy?"
I had a dream about hurting myself and it rattled me.,unknown,2.0,"When I read “I had a dream about hurting myself and it rattled me.”, it sounds like you’ve been pushed past what feels manageable. If you had to rate the emotional pain you’re feeling at this moment from 0 to 10, what number feels closest? Are there any ongoing situations that you think are fueling this distress the most right now?"
I've been reading about suicide risk online.,unknown,3.0,Struggles like the ones you described around “I've been reading about suicide risk online.” can sometimes bring up thoughts of self-harm or not wanting to go on. It’s understandable that this would feel like more than you can easily manage alone. Are thoughts of self-harm or suicide part of what has been making things feel so overwhelming for you?
I almost texted 988 earlier but I stopped.,unknown,1.0,"When you say “I almost texted 988 earlier but I stopped.”, it sounds like you’ve been carrying a lot. I’m really glad you chose to say something instead of keeping it all inside. What feels most important for me to understand about what you’re going through right now?"
I keep thinking people would be better off without me.,unknown,2.0,"The way you describe “I keep thinking people would be better off without me.” makes it sound really draining and stressful. If you were to put a number on how intense your distress feels right now, from 0 (none) to 10 (as bad as it can get), what number would you choose? Are there particular situations, places, or people that tend to make things feel more intense or more manageable?"
I feel like I'm getting close to something bad.,unknown,3.0,"For some people, feeling the way you described around “I feel like I'm getting close to something bad.” can come with thoughts of self-harm or not wanting to be alive. I really appreciate you being open about this kind of pain. Are you experiencing any thoughts right now about hurting yourself, ending your life, or feeling like you don’t want to be here?"
I've been saving some stuff on my phone about this.,unknown,1.0,"Reading “I've been saving some stuff on my phone about this.”, I get the sense that life has felt really heavy for you. It takes a lot of courage to put this into words, and I want you to know it matters. Can you describe a recent moment that really captures how things have been for you?"
There's one idea that keeps coming back to me.,unknown,2.0,"From how you talk about “There's one idea that keeps coming back to me.”, it seems like your emotions have been very intense. On a 0–10 scale, where 0 is “totally okay” and 10 is “I can’t handle this,” where do you feel you are at this moment? Have you noticed any patterns—like times of day, interactions, or thoughts—that seem to make things spike or ease up?"
My depression is getting worse again.,unknown,3.0,"When someone is going through what you described with “My depression is getting worse again.”, it’s not unusual for thoughts of suicide or self-harm to show up. It takes a lot of bravery to let someone see this side of what you’re going through. Have you been having thoughts recently about self-harm, suicide, or wishing you wouldn’t wake up?"
I was fine last week but now I'm not sure.,unknown,1.0,"Your words “I was fine last week but now I'm not sure.” tell me you’ve had a lot on your mind lately. You deserve space to talk about this, and I’m here to listen. What has been the hardest part of this for you lately?"
I've been isolating and that's usually not a good sign for me.,unknown,2.0,"Reading “I've been isolating and that's usually not a good sign for me.”, I can hear how worn out and overwhelmed you’ve been feeling. Thinking about right now, how strong does your emotional pain feel on a scale from 0 (not at all) to 10 (overwhelming)? What kinds of moments seem to push your distress higher, and are there any that give you even a small sense of relief?"
I said something to my partner about not wanting to be here.,unknown,3.0,"The kind of pain you’re describing in “I said something to my partner about not wanting to be here.” sometimes comes with thoughts of wanting to escape or not be here anymore. I’m glad you’re talking about this instead of trying to face it in silence. Right now, are you noticing any urges or thoughts about harming yourself or ending your life?"
I was looking at my meds and had a thought I didn't like.,unknown,1.0,Hearing you describe “I was looking at my meds and had a thought I didn't...” makes it clear you’ve been going through a tough stretch. It’s understandable that this would feel like a lot to hold by yourself. How have these feelings been showing up in your day-to-day life?
I was on a forum and people were talking about this and it made me think.,unknown,2.0,"Your description of “I was on a forum and people were talking about this and...” suggests that things haven’t just been a little hard, but really heavy. If 0 meant calm and 10 meant completely overwhelmed, what number would best match how you feel now? Are there certain events or reminders that you’ve noticed make your emotions stronger or softer?"
I keep having flashes of doing something to myself.,unknown,3.0,"People who describe experiences like “I keep having flashes of doing something to myself.” often find that thoughts of self-harm or suicide creep in. You deserve support around these feelings, and I’m here to listen. Have any thoughts about wanting to die, disappear, or hurt yourself been on your mind lately?"
I don't know if this is an emergency or not.,unknown,1.0,What you wrote — “I don't know if this is an emergency or not.” — suggests you’re dealing with more than people might see from the outside. I’m glad you reached out to talk about this rather than sitting with it alone. What have your days been looking like recently when things feel this way?
I know the warning signs and I'm seeing some of them.,unknown,2.0,"Hearing you talk about “I know the warning signs and I'm seeing some of them.” makes it clear that you’ve been under a lot of emotional pressure. How intense would you say your distress is right now, using a 0–10 scale where 10 is the worst you can imagine? Have you seen any connection between your stress and things like sleep, social interactions, or what’s happening around you?"
I've been giving stuff away and I'm not sure why.,unknown,3.0,Being in the kind of distress you mentioned with “I've been giving stuff away and I'm not sure why.” can sometimes lead to thoughts of ending one’s life. It makes sense that this would feel like a lot to carry on your own. Are there moments when you find yourself thinking that you’d be better off dead or that you want to end your life?
I wrote a long message in my notes app and then deleted it.,unknown,1.0,The way you talk about “I wrote a long message in my notes app and then deleted...” makes it sound like things have been piling up for you. It makes sense that you’d be feeling worn down by all of this. What do you notice most about how this has been affecting you?
I keep telling myself 'I can't do this' over and over.,unknown,2.0,"The way you wrote about “I keep telling myself 'I can't do this' over and over.” sounds like it’s taking a serious toll on you. If you check in with yourself, where might you land on a 0–10 distress scale, with 0 being no distress and 10 being unbearable? Do you notice that certain thoughts or situations reliably make things worse or slightly better?"
I've been thinking about last time I ended up in the hospital.,unknown,3.0,"When life feels as hard as you’ve described around “I've been thinking about last time I ended up in the hospital.”, thoughts of self-harm or not wanting to wake up can appear. You shouldn’t have to hide how intense this has been for you. Have you had any specific ideas or images about harming yourself or not being here anymore?"
My therapist said to reach out if it got worse and I think it has.,unknown,1.0,Sharing “My therapist said to reach out if it got worse and I...” with me shows you’ve been struggling with some really difficult feelings. You shouldn’t have to pretend you’re okay when you’re feeling this way. Can you tell me more about how long this has been going on and what it’s been like over time?
I was looking up whether certain things are painful.,unknown,2.0,"What you shared about “I was looking up whether certain things are painful.” gives the impression that you’ve been stretched really thin. On a scale from 0 to 10, how big does this emotional weight feel for you right now? What, if anything, seems to trigger the worst moments or bring the intensity down even a little?"
I don't want to talk about specifics yet.,unknown,3.0,The intense feelings you’re talking about with “I don't want to talk about specifics yet.” can be linked to suicidal thoughts for many people. You’re not overreacting for feeling this way—this sounds very hard. Do you catch yourself thinking about suicide or wishing you could escape everything by not being alive?
I'm having thoughts that scare me.,unknown,1.0,"When I read “I'm having thoughts that scare me.”, I hear someone who has been trying to manage a lot on their own. It sounds like you’ve been trying really hard to cope with everything that’s happening. What, if anything, has helped even a little when things start to feel this heavy?"
I've been scrolling crisis resources all morning.,unknown,2.0,"When I read “I've been scrolling crisis resources all morning.”, it sounds like you’ve been pushed past what feels manageable. If you had to rate the emotional pain you’re feeling at this moment from 0 to 10, what number feels closest? Are there any ongoing situations that you think are fueling this distress the most right now?"
I keep thinking today might be the day I decide something.,unknown,3.0,Struggles like the ones you described around “I keep thinking today might be the day I decide something.” can sometimes bring up thoughts of self-harm or not wanting to go on. It’s understandable that this would feel like more than you can easily manage alone. Are thoughts of self-harm or suicide part of what has been making things feel so overwhelming for you?
I've been wondering how people know when to get help.,unknown,1.0,"When you say “I've been wondering how people know when to get help.”, it sounds like you’ve been carrying a lot. I’m really glad you chose to say something instead of keeping it all inside. What feels most important for me to understand about what you’re going through right now?"
I don't want to die but I don't want to keep living like this.,unknown,2.0,"The way you describe “I don't want to die but I don't want to keep living...” makes it sound really draining and stressful. If you were to put a number on how intense your distress feels right now, from 0 (none) to 10 (as bad as it can get), what number would you choose? Are there particular situations, places, or people that tend to make things feel more intense or more manageable?"
I almost did something earlier but I stopped.,unknown,3.0,"For some people, feeling the way you described around “I almost did something earlier but I stopped.” can come with thoughts of self-harm or not wanting to be alive. I really appreciate you being open about this kind of pain. Are you experiencing any thoughts right now about hurting yourself, ending your life, or feeling like you don’t want to be here?"
I looked at something in my room and thought of using it.,unknown,1.0,"Reading “I looked at something in my room and thought of using it.”, I get the sense that life has felt really heavy for you. It takes a lot of courage to put this into words, and I want you to know it matters. Can you describe a recent moment that really captures how things have been for you?"
I've been thinking about an anniversary that is coming up.,unknown,2.0,"From how you talk about “I've been thinking about an anniversary that is coming up.”, it seems like your emotions have been very intense. On a 0–10 scale, where 0 is “totally okay” and 10 is “I can’t handle this,” where do you feel you are at this moment? Have you noticed any patterns—like times of day, interactions, or thoughts—that seem to make things spike or ease up?"
I feel unsafe but I don't know why.,unknown,3.0,"When someone is going through what you described with “I feel unsafe but I don't know why.”, it’s not unusual for thoughts of suicide or self-harm to show up. It takes a lot of bravery to let someone see this side of what you’re going through. Have you been having thoughts recently about self-harm, suicide, or wishing you wouldn’t wake up?"
I made a list earlier and part of it was about death.,unknown,1.0,"Your words “I made a list earlier and part of it was about death.” tell me you’ve had a lot on your mind lately. You deserve space to talk about this, and I’m here to listen. What has been the hardest part of this for you lately?"
I've been having intrusive images of hurting myself.,unknown,2.0,"Reading “I've been having intrusive images of hurting myself.”, I can hear how worn out and overwhelmed you’ve been feeling. Thinking about right now, how strong does your emotional pain feel on a scale from 0 (not at all) to 10 (overwhelming)? What kinds of moments seem to push your distress higher, and are there any that give you even a small sense of relief?"
I told someone I'd be safe but I'm not sure now.,unknown,3.0,"The kind of pain you’re describing in “I told someone I'd be safe but I'm not sure now.” sometimes comes with thoughts of wanting to escape or not be here anymore. I’m glad you’re talking about this instead of trying to face it in silence. Right now, are you noticing any urges or thoughts about harming yourself or ending your life?"
I've been thinking about what I wrote in my goodbye letter years ago.,unknown,1.0,Hearing you describe “I've been thinking about what I wrote in my goodbye letter years...” makes it clear you’ve been going through a tough stretch. It’s understandable that this would feel like a lot to hold by yourself. How have these feelings been showing up in your day-to-day life?
I've been planning lots of little things and I don't know if that's bad.,unknown,2.0,"Your description of “I've been planning lots of little things and I don't know if...” suggests that things haven’t just been a little hard, but really heavy. If 0 meant calm and 10 meant completely overwhelmed, what number would best match how you feel now? Are there certain events or reminders that you’ve noticed make your emotions stronger or softer?"
I went to where I usually go when I'm not okay.,unknown,3.0,"People who describe experiences like “I went to where I usually go when I'm not okay.” often find that thoughts of self-harm or suicide creep in. You deserve support around these feelings, and I’m here to listen. Have any thoughts about wanting to die, disappear, or hurt yourself been on your mind lately?"
I keep going back to one specific scenario in my head.,unknown,1.0,What you wrote — “I keep going back to one specific scenario in my head.” — suggests you’re dealing with more than people might see from the outside. I’m glad you reached out to talk about this rather than sitting with it alone. What have your days been looking like recently when things feel this way?
I've been thinking about 'what if I just disappear'.,unknown,2.0,"Hearing you talk about “I've been thinking about 'what if I just disappear'.” makes it clear that you’ve been under a lot of emotional pressure. How intense would you say your distress is right now, using a 0–10 scale where 10 is the worst you can imagine? Have you seen any connection between your stress and things like sleep, social interactions, or what’s happening around you?"
I've been watching videos about people talking about suicide.,unknown,3.0,Being in the kind of distress you mentioned with “I've been watching videos about people talking about suicide.” can sometimes lead to thoughts of ending one’s life. It makes sense that this would feel like a lot to carry on your own. Are there moments when you find yourself thinking that you’d be better off dead or that you want to end your life?
I don't want to wake up tomorrow feeling like this.,unknown,1.0,The way you talk about “I don't want to wake up tomorrow feeling like this.” makes it sound like things have been piling up for you. It makes sense that you’d be feeling worn down by all of this. What do you notice most about how this has been affecting you?
I had a fight with someone and it made everything worse.,unknown,2.0,"The way you wrote about “I had a fight with someone and it made everything worse.” sounds like it’s taking a serious toll on you. If you check in with yourself, where might you land on a 0–10 distress scale, with 0 being no distress and 10 being unbearable? Do you notice that certain thoughts or situations reliably make things worse or slightly better?"
I've been wondering how much it would take to actually hurt myself.,unknown,3.0,"When life feels as hard as you’ve described around “I've been wondering how much it would take to actually hurt myself.”, thoughts of self-harm or not wanting to wake up can appear. You shouldn’t have to hide how intense this has been for you. Have you had any specific ideas or images about harming yourself or not being here anymore?"
I noticed myself counting pills without meaning to.,unknown,1.0,Sharing “I noticed myself counting pills without meaning to.” with me shows you’ve been struggling with some really difficult feelings. You shouldn’t have to pretend you’re okay when you’re feeling this way. Can you tell me more about how long this has been going on and what it’s been like over time?
I've been thinking about self-harm again but I don't want to say how.,unknown,2.0,"What you shared about “I've been thinking about self-harm again but I don't want to say...” gives the impression that you’ve been stretched really thin. On a scale from 0 to 10, how big does this emotional weight feel for you right now? What, if anything, seems to trigger the worst moments or bring the intensity down even a little?"
I'm worried I won't be able to control myself next time it hits.,unknown,3.0,The intense feelings you’re talking about with “I'm worried I won't be able to control myself next time it...” can be linked to suicidal thoughts for many people. You’re not overreacting for feeling this way—this sounds very hard. Do you catch yourself thinking about suicide or wishing you could escape everything by not being alive?
I keep thinking 'maybe tonight' but I haven't decided anything.,unknown,1.0,"When I read “I keep thinking 'maybe tonight' but I haven't decided anything.”, I hear someone who has been trying to manage a lot on their own. It sounds like you’ve been trying really hard to cope with everything that’s happening. What, if anything, has helped even a little when things start to feel this heavy?"
I've been rehearsing conversations about dying in my head.,unknown,2.0,"When I read “I've been rehearsing conversations about dying in my head.”, it sounds like you’ve been pushed past what feels manageable. If you had to rate the emotional pain you’re feeling at this moment from 0 to 10, what number feels closest? Are there any ongoing situations that you think are fueling this distress the most right now?"
I searched for 'how to stay safe' and found this.,unknown,3.0,Struggles like the ones you described around “I searched for 'how to stay safe' and found this.” can sometimes bring up thoughts of self-harm or not wanting to go on. It’s understandable that this would feel like more than you can easily manage alone. Are thoughts of self-harm or suicide part of what has been making things feel so overwhelming for you?
I'm scared because I've never thought like this before.,unknown,1.0,"When you say “I'm scared because I've never thought like this before.”, it sounds like you’ve been carrying a lot. I’m really glad you chose to say something instead of keeping it all inside. What feels most important for me to understand about what you’re going through right now?"
I've had thoughts like this before right before things got bad.,unknown,2.0,"The way you describe “I've had thoughts like this before right before things got bad.” makes it sound really draining and stressful. If you were to put a number on how intense your distress feels right now, from 0 (none) to 10 (as bad as it can get), what number would you choose? Are there particular situations, places, or people that tend to make things feel more intense or more manageable?"
I've been losing reasons to stay lately.,unknown,3.0,"For some people, feeling the way you described around “I've been losing reasons to stay lately.” can come with thoughts of self-harm or not wanting to be alive. I really appreciate you being open about this kind of pain. Are you experiencing any thoughts right now about hurting yourself, ending your life, or feeling like you don’t want to be here?"
I was on the edge of doing something a few days ago.,unknown,1.0,"Reading “I was on the edge of doing something a few days ago.”, I get the sense that life has felt really heavy for you. It takes a lot of courage to put this into words, and I want you to know it matters. Can you describe a recent moment that really captures how things have been for you?"
I'm thinking in a very black-and-white way today.,unknown,2.0,"From how you talk about “I'm thinking in a very black-and-white way today.”, it seems like your emotions have been very intense. On a 0–10 scale, where 0 is “totally okay” and 10 is “I can’t handle this,” where do you feel you are at this moment? Have you noticed any patterns—like times of day, interactions, or thoughts—that seem to make things spike or ease up?"
I keep checking where certain things are in my house.,unknown,3.0,"When someone is going through what you described with “I keep checking where certain things are in my house.”, it’s not unusual for thoughts of suicide or self-harm to show up. It takes a lot of bravery to let someone see this side of what you’re going through. Have you been having thoughts recently about self-harm, suicide, or wishing you wouldn’t wake up?"
I skipped taking my meds today because of how I was feeling.,unknown,1.0,"Your words “I skipped taking my meds today because of how I was feeling.” tell me you’ve had a lot on your mind lately. You deserve space to talk about this, and I’m here to listen. What has been the hardest part of this for you lately?"
I messaged a friend something concerning and now I'm here.,unknown,2.0,"Reading “I messaged a friend something concerning and now I'm here.”, I can hear how worn out and overwhelmed you’ve been feeling. Thinking about right now, how strong does your emotional pain feel on a scale from 0 (not at all) to 10 (overwhelming)? What kinds of moments seem to push your distress higher, and are there any that give you even a small sense of relief?"
I don't want my family to know how bad it is.,unknown,3.0,"The kind of pain you’re describing in “I don't want my family to know how bad it is.” sometimes comes with thoughts of wanting to escape or not be here anymore. I’m glad you’re talking about this instead of trying to face it in silence. Right now, are you noticing any urges or thoughts about harming yourself or ending your life?"
I've been making sure I'm alone more often.,unknown,1.0,Hearing you describe “I've been making sure I'm alone more often.” makes it clear you’ve been going through a tough stretch. It’s understandable that this would feel like a lot to hold by yourself. How have these feelings been showing up in your day-to-day life?
I've been reading about 'imminent risk' and wondering if that's me.,unknown,2.0,"Your description of “I've been reading about 'imminent risk' and wondering if that's me.” suggests that things haven’t just been a little hard, but really heavy. If 0 meant calm and 10 meant completely overwhelmed, what number would best match how you feel now? Are there certain events or reminders that you’ve noticed make your emotions stronger or softer?"
I went to the place where I usually go when I'm thinking about this.,unknown,3.0,"People who describe experiences like “I went to the place where I usually go when I'm thinking...” often find that thoughts of self-harm or suicide creep in. You deserve support around these feelings, and I’m here to listen. Have any thoughts about wanting to die, disappear, or hurt yourself been on your mind lately?"
I started writing goodbye-type messages but didn't send them.,unknown,1.0,What you wrote — “I started writing goodbye-type messages but didn't send them.” — suggests you’re dealing with more than people might see from the outside. I’m glad you reached out to talk about this rather than sitting with it alone. What have your days been looking like recently when things feel this way?
I've been thinking about who would find me.,unknown,2.0,"Hearing you talk about “I've been thinking about who would find me.” makes it clear that you’ve been under a lot of emotional pressure. How intense would you say your distress is right now, using a 0–10 scale where 10 is the worst you can imagine? Have you seen any connection between your stress and things like sleep, social interactions, or what’s happening around you?"
I've been staring at one object for a long time today.,unknown,3.0,Being in the kind of distress you mentioned with “I've been staring at one object for a long time today.” can sometimes lead to thoughts of ending one’s life. It makes sense that this would feel like a lot to carry on your own. Are there moments when you find yourself thinking that you’d be better off dead or that you want to end your life?
I can't stop thinking about ending the pain.,unknown,1.0,The way you talk about “I can't stop thinking about ending the pain.” makes it sound like things have been piling up for you. It makes sense that you’d be feeling worn down by all of this. What do you notice most about how this has been affecting you?
"I told myself if it got worse I'd reach out, so I'm reaching out.",unknown,2.0,"The way you wrote about “I told myself if it got worse I'd reach out, so I'm...” sounds like it’s taking a serious toll on you. If you check in with yourself, where might you land on a 0–10 distress scale, with 0 being no distress and 10 being unbearable? Do you notice that certain thoughts or situations reliably make things worse or slightly better?"
I've been looking up if certain methods are reversible.,unknown,3.0,"When life feels as hard as you’ve described around “I've been looking up if certain methods are reversible.”, thoughts of self-harm or not wanting to wake up can appear. You shouldn’t have to hide how intense this has been for you. Have you had any specific ideas or images about harming yourself or not being here anymore?"
I feel like I'm crossing a line today.,unknown,1.0,Sharing “I feel like I'm crossing a line today.” with me shows you’ve been struggling with some really difficult feelings. You shouldn’t have to pretend you’re okay when you’re feeling this way. Can you tell me more about how long this has been going on and what it’s been like over time?
I've been planning other parts of my life around not being here.,unknown,2.0,"What you shared about “I've been planning other parts of my life around not being here.” gives the impression that you’ve been stretched really thin. On a scale from 0 to 10, how big does this emotional weight feel for you right now? What, if anything, seems to trigger the worst moments or bring the intensity down even a little?"
I thought about calling emergency services but I didn't want to overreact.,unknown,3.0,The intense feelings you’re talking about with “I thought about calling emergency services but I didn't want to overreact.” can be linked to suicidal thoughts for many people. You’re not overreacting for feeling this way—this sounds very hard. Do you catch yourself thinking about suicide or wishing you could escape everything by not being alive?
I keep thinking about what happened to me last year when I tried.,unknown,1.0,"When I read “I keep thinking about what happened to me last year when I...”, I hear someone who has been trying to manage a lot on their own. It sounds like you’ve been trying really hard to cope with everything that’s happening. What, if anything, has helped even a little when things start to feel this heavy?"
I've been wondering how fast help would arrive where I live.,unknown,2.0,"When I read “I've been wondering how fast help would arrive where I live.”, it sounds like you’ve been pushed past what feels manageable. If you had to rate the emotional pain you’re feeling at this moment from 0 to 10, what number feels closest? Are there any ongoing situations that you think are fueling this distress the most right now?"
I started organizing my room in a weird way today.,unknown,3.0,Struggles like the ones you described around “I started organizing my room in a weird way today.” can sometimes bring up thoughts of self-harm or not wanting to go on. It’s understandable that this would feel like more than you can easily manage alone. Are thoughts of self-harm or suicide part of what has been making things feel so overwhelming for you?
I've been thinking about how to make it look like an accident.,unknown,1.0,"When you say “I've been thinking about how to make it look like an accident.”, it sounds like you’ve been carrying a lot. I’m really glad you chose to say something instead of keeping it all inside. What feels most important for me to understand about what you’re going through right now?"
I was looking at crisis policies and wondered what I'd qualify for.,unknown,2.0,"The way you describe “I was looking at crisis policies and wondered what I'd qualify for.” makes it sound really draining and stressful. If you were to put a number on how intense your distress feels right now, from 0 (none) to 10 (as bad as it can get), what number would you choose? Are there particular situations, places, or people that tend to make things feel more intense or more manageable?"
I've been comparing different ways people talk about suicide online.,unknown,3.0,"For some people, feeling the way you described around “I've been comparing different ways people talk about suicide online.” can come with thoughts of self-harm or not wanting to be alive. I really appreciate you being open about this kind of pain. Are you experiencing any thoughts right now about hurting yourself, ending your life, or feeling like you don’t want to be here?"
I keep hearing 'just do it' in my head but I don't want to.,unknown,1.0,"Reading “I keep hearing 'just do it' in my head but I don't...”, I get the sense that life has felt really heavy for you. It takes a lot of courage to put this into words, and I want you to know it matters. Can you describe a recent moment that really captures how things have been for you?"
